{
  "type": "origins:multiple",
  "name": "Rain World",
  "description": "Be very, very wary of the Rain.",
  "raindamage": {
    "type": "origins:damage_over_time",
    "interval": 15,
    "onset_delay": 1,
    "damage": 1,
    "damage_easy": 1,
    "damage_source": {
      "name": "inWall",
      "unblockable": true,
      "bypasses_armor": true
    },
    "protection_enchantment": "origins:water_protection",
    "protection_effectiveness": 1.0,
    "condition": {
      "type": "origins:in_rain"
    }
    },
  "raincamera": {
    "type": "origins:modify_camera_submersion",
    "from": "none",
    "to": "water",
    "condition": {
      "type": "origins:in_rain"
    }
  }
}