{
    "hidden": false,
    "name": "Friends, not foes",
    "description": "Spiders will not attack you!",
    "type": "origins:action_over_time",
    "interval": 20,
    "entity_action": {
        "type": "origins:and",
        "actions": [
            {
                "type": "origins:execute_command",
                "command": "team add arachnid"
            },
            {
                "type": "origins:execute_command",
                "command": "team join arachnid @s"
            },
            {
                "type": "origins:execute_command",
                "command": "team join arachnid @e[type=minecraft:spider]"
            },
            {
                "type": "origins:execute_command",
                "command": "/team join arachnid @e[type=minecraft:cave_spider]"
            }
        ]
    }
}