{
    "name": "Dedicated Chirp Button",
    "description": "Absolutely the most important change.",
    "type": "origins:multiple",
    "screech": {
        "type":"origins:active_self",
        "entity_action": {
            "type": "origins:choice",
            "actions": [
                {
                    "element":{
                        "type": "origins:play_sound",
                        "sound": "minecraft:entity.parrot.ambient",
                        "volume": 1.5,
                        "pitch": 1.0
                    },
                    "weight": 5
                },
                {
                    "element":{
                        "type": "origins:play_sound",
                        "sound": "minecraft:entity.chicken.ambient",
                        "volume": 1.5,
                        "pitch": 1.0
                    },
                    "weight": 1
                }
            ]
        },
        "key": {
            "key": "key.origins.secondary_active"
        },
        "cooldown": 1
    },
    "ow": {
        "type":"origins:action_when_damage_taken",
        "entity_action": {
            "type": "origins:play_sound",
            "sound": "minecraft:entity.parrot.hurt"
        }, 
        "cooldown": 1
    },
    "death": {
        "type": "origins:action_over_time",
        "entity_action": {
                "type": "origins:play_sound",
                "sound": "minecraft:entity.chicken.death"
        },
        "interval": 20,
        "condition": {
            "type": "origins:health",
            "comparison": "<=",
            "compare_to": 0
        }
    }
}