{
	"type": "origins:multiple",
	"hidden": true,
	"res": {
		"type": "origins:resource",
		"min": 0,
		"max": 30,
		"start_value": 0,
		"hud_render": {
			"should_render": false
		},
		"max_action": {
			"type": "origins:and",
			"actions": [{
					"type": "origins:feed",
					"food": 2,
					"saturation": 0.8
				},
				{
					"type": "origins:execute_command",
					"command": "playsound minecraft:entity.player.burp player @a ~ ~ ~"
				},
				{
					"type": "origins:execute_command",
					"command": "clear @s minecraft:dragon_breath 1"
				},
				{
					"type": "origins:change_resource",
					"resource": "*:*_res",
					"change": 0,
					"operation": "set"
				},
				{
					"type": "origins:change_resource",
					"resource": "cyom:phantomupmint_bool",
					"change": 1,
					"operation": "set"
				}
			]
		}
	},
	"0": {
		"condition": {
			"type": "origins:or",
			"conditions": [{
					"type": "origins:equipped_item",
					"equipment_slot": "mainhand",
					"item_condition": {
						"type": "origins:and",
						"conditions": [{
							"type": "origins:ingredient",
							"ingredient": {
								"item": "minecraft:dragon_breath"
							}
						}]
					}
				},
				{
					"type": "origins:equipped_item",
					"equipment_slot": "offhand",
					"item_condition": {
						"type": "origins:and",
						"conditions": [{
							"type": "origins:ingredient",
							"ingredient": {
								"item": "minecraft:dragon_breath"
							}
						}]
					}
				}
			]
		},
		"type": "origins:active_self",
		"entity_action": {
			"type": "origins:and",
			"actions": [{
				"type": "origins:change_resource",
				"resource": "*:*_res",
				"change": 0,
				"operation": "set"
			}]
		},
		"cooldown": 1,
		"hud_render": {
			"should_render": false
		},
		"key": {
			"key": "key.use"
		}
	},
	"grow": {
		"condition": {
			"type": "origins:or",
			"conditions": [{
					"type": "origins:equipped_item",
					"equipment_slot": "mainhand",
					"item_condition": {
						"type": "origins:and",
						"conditions": [{
							"type": "origins:ingredient",
							"ingredient": {
								"item": "minecraft:dragon_breath"
							}
						}]
					}
				},
				{
					"type": "origins:equipped_item",
					"equipment_slot": "offhand",
					"item_condition": {
						"type": "origins:and",
						"conditions": [{
							"type": "origins:ingredient",
							"ingredient": {
								"item": "minecraft:dragon_breath"
							}
						}]
					}
				}
			]
		},
		"type": "origins:active_self",
		"entity_action": {
			"type": "origins:and",
			"actions": [{
				"type": "origins:change_resource",
				"resource": "*:*_res",
				"change": 1
			}
		]
		},
		"cooldown": 1,
		"hud_render": {
			"should_render": false
		},
		"key": {
			"key": "key.use",
			"continuous": true
		}
	},
	"particle": {
		"condition": {
			"type": "origins:and",
			"conditions": [
				{
					"type": "origins:or",
					"conditions": [{
							"type": "origins:equipped_item",
							"equipment_slot": "mainhand",
							"item_condition": {
								"type": "origins:and",
								"conditions": [{
									"type": "origins:ingredient",
									"ingredient": {
										"item": "minecraft:dragon_breath"
									}
								}]
							}
						},
						{
							"type": "origins:equipped_item",
							"equipment_slot": "offhand",
							"item_condition": {
								"type": "origins:and",
								"conditions": [{
									"type": "origins:ingredient",
									"ingredient": {
										"item": "minecraft:dragon_breath"
									}
								}]
							}
						}
					]
				}
			]
		},
		"type": "origins:active_self",
		"entity_action": {
			"type": "origins:and",
			"actions": [{
					"type": "origins:execute_command",
					"command": "execute positioned ~ ~1.25 ~ rotated as @s run particle minecraft:item minecraft:dragon_breath ^ ^ ^0.5 0.1 0.1 0.1 0.055 4"
				},
				{
					"type": "origins:execute_command",
					"command": "playsound minecraft:item.honey_bottle.drink player @s ~ ~ ~"
				},
                {
                    "type": "origins:apply_effect",
                    "effect": {
                        "effect": "minecraft:slowness",
                        "duration": 5,
                        "show_particles": false,
                        "amplifier": 1,
                        "show_icon": false
                    }
                }
			]
		},
		"cooldown": 4,
		"hud_render": {
			"should_render": false
		},
		"key": {
			"key": "key.use",
			"continuous": true
		}
	}
}