{
    "name": "???",
    "description": "Something calls you... Consume the dragon's breath.",
    "type": "origins:multiple",
    "bool":
    {
        "type": "origins:resource",
        "min": 0,
        "max": 1,
        "hud_render": {
            "should_render": false
        }
    },
    "evolve":
    {
        "type": "origins:action_over_time",
        "interval": 100,
        "entity_action": {
            "type": "origins:execute_command",
            "command": "origin set @s origins:origin cyom:evophantom"
        },
        "condition": 
        {
            "type": "origins:resource",
            "resource": "*:*_bool",
            "compare_to": 1,
            "comparison": ">="
        }
    },
    "shake":{
        "type": "origins:shaking",
        "condition":
        {
            "type": "origins:resource",
            "resource": "*:*_bool",
            "compare_to": 1,
            "comparison": ">="
        }
    },
    "fireworks":{
        "type": "origins:particle",
        "frequency": 1,
        "count": 10,
        "speed": 1,
        "spread": {"x": 0.5, "y": 0.5, "z": 0.5},
        "visible_in_first_person": true,
        "visible_while_invisible": true,
        "particle": "minecraft:firework",
        "condition": 
        {
            "type": "origins:resource",
            "resource": "*:*_bool",
            "compare_to": 1,
            "comparison": ">="
        }
    },
    "congrats":{
        "type": "origins:action_over_time",
        "rising_action": {
            "type": "origins:play_sound",
            "sound": "minecraft:entity.firework_rocket.twinkle"
        },
        "interval": 15,
        "condition": 
        {
            "type": "origins:resource",
            "resource": "*:*_bool",
            "compare_to": 1,
            "comparison": ">="
        }
    }
}