{
    "name": "Phasing",
    "description": "You've managed to disappear even further! You can phase through any block that isn't unbreakable!",
    "type": "origins:phasing",
    "blacklist": true,
    "render_type": "blindness",
    "view_distance": 40,
    "block_condition": {
      "type": "origins:in_tag",
      "tag": "cyom:unphasable2"
    },
    "phase_down_condition": {
      "type": "origins:and",
      "conditions": [
        {
          "type": "origins:sneaking"
        },
        {
          "type": "origins:on_block"
        }
      ]
    },
    "condition": {
      "type": "origins:power_active",
      "power": "origins:phantomize"
    }
  }