{
	"name": "Spear",
	"description": "Throw a stick at your foes! (Has a slightly longer cooldown, and makes you tired.)",
	"type": "origins:multiple",
	"trident":{
		"type":"origins:fire_projectile",
		"entity_type": "minecraft:trident",
		"cooldown": 60,
		"hud_render": {
			"should_render": true,
			"bar_index": 2,
			"sprite_location": "origins:textures/gui/community/spiderkolo/resource_bar_02.png"
		},
		"key": {
			"key":"key.origins.primary_active",
			"continuous": false
		},
		"tag": "{pickup:0b}",
		"condition":{
			"type":"origins:equipped_item",
			"equipment_slot": "mainhand",
			"item_condition": {
				"type":"origins:ingredient",
				"ingredient":{
					"item":"minecraft:stick"
				}
			}
		}
	},
	"take_stick":{
		"type":"origins:active_self",
		"entity_action":{
			"type": "origins:modify_inventory",
			"item_action": {
				"type": "origins:consume"
			},
			"slot": "weapon.mainhand",
			"item_condition": {
				"type": "origins:ingredient",
				"ingredient": {
					"item":"minecraft:stick"
				}
			},
			"inventory_type": "inventory"
		},
		"cooldown": 60
	},
	"tired":{
			"type": "origins:active_self",
			"entity_action": {
				"type":"origins:change_resource",
				"resource":"slugcat:gourmand/tired_meter",
				"change": 100
			},
			"key": {
				"key": "key.origins.primary_active",
				"continuous": false
			},
			"cooldown": 60,
			"condition":{
				"type":"origins:equipped_item",
				"equipment_slot": "mainhand",
				"item_condition": {
					"type":"origins:ingredient",
					"ingredient":{
						"item":"minecraft:stick"
					}
				}
			}
	}
}