{
    "name": "Rarefaction Cell Activated!",
    "description": "Ooh, baby, here we go!",
    "type": "origins:multiple",
    "jump": {
        "type": "origins:action_over_time",
        "entity_action": {
            "type": "origins:apply_effect",
            "effect": {
                "effect": "minecraft:jump_boost",
                "duration": 25,
                "amplifier": 4,
                "show_particles": false
            }
        },
        "interval": 20,
        "condition": {
            "type": "origins:exists"
        },
        "rising_action": {
            "type": "origins:apply_effect",
            "effect": {
                "effect": "minecraft:jump_boost",
                "duration": 25,
                "amplifier": 4,
                "show_particles": true
            }
        }
    },
    "fall": {
        "type": "origins:action_over_time",
        "entity_action": {
            "type": "origins:apply_effect",
            "effect": {
                "effect": "minecraft:slow_falling",
                "duration": 35,
                "amplifier": 1
            }
        },
        "interval": 20,
        
        "condition": {
            "type": "origins:exists"
        },
        "rising_action": {
            "type": "origins:apply_effect",
            "effect": {
                "effect": "minecraft:slow_falling",
                "duration": 35,
                "amplifier": 1,
                "show_particles": true
            }
        }
    },
    "swim": {
        "type": "origins:action_over_time",
        "entity_action": {
            "type": "origins:apply_effect",
            "effect": {
                "effect": "minecraft:dolphins_grace",
                "duration": 35,
                "show_particles": false
            }
        },
        "interval": 20,
        "condition": {
            "type": "origins:exists"
        },
        "rising_action": {
            "type": "origins:apply_effect",
            "effect": {
                "effect": "minecraft:dolphins_grace",
                "duration": 35,
                "show_particles": true
            }
        }
    },
    "swim2": {
        "type": "origins:action_over_time",
        "entity_action": {
            "type": "origins:apply_effect",
            "effect": {
                "effect": "minecraft:speed",
                "duration": 25,
                "amplifier": 1,
                "show_particles": false
            }
        },
        "interval": 20,
        "condition": {
            "type": "origins:submerged_in",
            "fluid": "minecraft:water"
        }
    },
    "slow": {
        "type": "origins:action_over_time",
        "entity_action": {
            "type": "origins:apply_effect",
            "effect": {
                "effect": "minecraft:slowness",
                "duration": 21,
                "show_particles": false,
                "show_icon": false
            }
        },
        "interval": 20,
        "condition": {
            "type": "origins:on_block"
        }
    },
    "particle":{
        "type": "origins:particle",
        "particle": "portal",
        "frequency": 4
    }
}