{
    "name": "The Artificer",
    "description": "A fierce combatant, master of pyrotechnics and explosives. Keen to move up in the foodchain, your journey will surely be one lined with constant bloodshed and warfare.",
    "powers": [
        "slugcat:common/scale",
        "origins:carnivore",
        "slugcat:artificer/explosioncharge",
        "slugcat:artificer/concussiveeffect",
        "slugcat:artificer/pounce",
        "slugcat:artificer/double_jump",
        "slugcat:common/spear/standard",
        "slugcat:common/spear/pins",
        "slugcat:artificer/explosivespear",
        "slugcat:artificer/scavhatred",
        "slugcat:artificer/boomcraft",
        "slugcat:artificer/creeperignored",
        "slugcat:artificer/lungs",
        "slugcat:artificer/maul",
        "slugcat:artificer/explosionimmunity",
        "slugcat:artificer/explodeondeath"
    ],
    "icon": {
        "item": "tnt",
        "amount": 1
    },
    "order": 0,
    "impact": 2
}