{
    "name": "The Gourmand",
    "description": "An indulger of the simpler pleasures in life. Carrying the world in your stomach gives many tactical advantages, but comes at an increased cost of sustainability.",
    "powers": [
        "slugcat:gourmand/scale",
        "slugcat:gourmand/shelter_food",
		"slugcat:common/pounce",
        "slugcat:gourmand/foodstr",
        "slugcat:gourmand/tired",
		"slugcat:common/spear/gourmand",
        "slugcat:common/spear/strongest",
		"slugcat:common/spear/pins",
        "slugcat:gourmand/craft",
        "slugcat:gourmand/slam",
        "slugcat:gourmand/spitup"
    ],
    "icon": {
        "item": "orange_dye",
        "amount": 1
    },
    "order": 0,
    "impact": 2
}