{
    "name": "Pounce!",
    "description": "Using your charged explosion, jump to LAUNCH! (Does not damage anything.)",
    "type": "origins:multiple",
    "jump": {
        "type": "origins:active_self",
        "entity_action": {
            "type": "origins:and",
            "actions": [
                {
                    "type": "origins:add_velocity",
                    "y": 1,
                    "z": 2,
                    "space": "local_horizontal_normalized",
                    "client": true,
                    "server": true
                },
                {
                    "type": "origins:change_resource",
                    "resource": "slugcat:artificer/explosioncharge_storecharge",
                    "change": -60
                },
                {
                    "type": "origins:execute_command",
                    "command": "particle minecraft:explosion ~ ~ ~ 0.5 0.5 0.5 0.0 4 normal @a"
                },
                {
                    "type": "origins:execute_command",
                    "command": "playsound minecraft:entity.generic.explode player @a ~ ~ ~ 1 1.3"
                }

            ]
        },
        "key": {
            "key": "key.jump"
        },
        "condition": {
            "type": "origins:resource",
            "resource": "slugcat:artificer/explosioncharge_storecharge",
            "comparison": ">",
            "compare_to": 55
        }
    }
}