{
    "name": "Blink",
    "description": "Blink and you'll miss it. \"It\" being you moving faster than the eye can see. ",
    "type": "origins:active_self",
    "cooldown": 60,
    "hud_render": {
        "should_render": true,
		"bar_index": 6
    },
    "key": "key.origins.primary_active",
    "entity_action": {
        "type": "origins:raycast",
        "distance": 15,
        "block": true,
        "entity": false,
        "shape_type": "visual",
        "fluid_handling": "none",
        "command_at_hit": "tp @s ~ ~ ~",
        "command_along_ray_only_on_hit": "true",
        "command_along_ray": "particle crimson_spore",
        "command_step": 0.2,
        "block_action": {
            "type": "origins:and",
            "actions": [
                {
                    "type": "origins:execute_command",
                    "command": "particle electric_spark"
                },
                {
                    "type": "origins:execute_command",
                    "command": "playsound minecraft:entity.bat.takeoff player @a"
                }
            ]
        }
    }
}