{
    "name": "Buzzy Bee",
    "description": "bzzzzzzzzzzzzzzzzzzzzzzzzzzz",
    "powers": [
		"vmo:bbuzz",
    "vmo:bregen",
    "vmo:bhoney",
    "vmo:bpickup",
    "origins:slow_falling",
    "vmo:bwings",
    "vmo:bflyspeed",
    "vmo:bleggies",
    "vmo:bsize",
    "origins:fragile",
    "vmo:bfirebad",
    "vmo:bbeenergize",
    "vmo:bweaponry",
    "vmo:bcombcutter"
    ],
    "icon": {
        "item": "honeycomb",
        "amount": 1
    },
    "order": 1,
    "impact": 2
}