{
    "name": "Copper Construct",
    "description": "A machine built to create, though oxidization is your foe.",
    "powers": [
		"vmo:ccmachine",
    "vmo:ccarmor",
    "vmo:ccpoisonimmunity",
    "vmo:bsize",
    "vmo:ccbuttons",
    "vmo:ccforge",
    "vmo:ccoxidize",
    "vmo:ccoxidizewax",
    "vmo:ccforgecoal",
    "vmo:ccforgecoppercooked",
    "vmo:ccforgecopperraw",
    "vmo:ccforgeironraw",
    "vmo:ccforgeironcooked",
    "vmo:ccforgeredstone",
    "vmo:ccforgeemerald",
    "vmo:ccforgegoldraw",
    "vmo:ccforgegoldcooked",
    "vmo:ccforgelapis"
    ],
    "icon": {
        "item": "copper_ingot",
        "amount": 1
    },
    "order": 1,
    "impact": 3
}