{
    "name": "Sneaky",
    "description": "You're less noticeable than other slugcats!",
    "type": "origins:action_on_callback",
    "execute_chosen_when_orb": true,
    "entity_action_added": {
        "type": "origins:delay",
        "action": {
            "type": "origins:execute_command",
            "command": "function slugcat:hiddenfuck"
        },
        "ticks": 1
    },
    "entity_action_removed": {
        "type": "origins:delay",
        "action": {
            "type": "origins:execute_command",
            "command": "scale reset @s"
        },
        "ticks": 1
    },
    "entity_action_respawned": {
        "type": "origins:delay",
        "action": {
            "type": "origins:execute_command",
            "command": "function slugcat:hiddenfuck"
        },
        "ticks": 1
    }
}