{
"values":[
        "minecraft:elder_guardian",
        "minecraft:ender_dragon",
		{
            "id": "minecraft:warden",
            "required": false
        },
        "minecraft:wither",
		{
            "id": "bewitchment:baphomet",
            "required": false
        },
		{
            "id": "bewitchment:lilith",
            "required": false
        },
		{
            "id": "bewitchment:herne",
            "required": false
        },
		{
            "id": "bewitchment:leonard",
            "required": false
        }
	]
}