{
    "name": "Sanguivore",
    "description": "You do not digest food well- instead, you feast on the blood of the living. Sneak + rightclick to feed.",
    "condition": {
        "type": "origins:and",
        "conditions": [
            {
                "type": "origins:sneaking"
            },
            {
                "inverted": true,
                "type": "origins:food_level",
                "comparison": "==",
                "compare_to": 20
            }
        ]
    },
    "type": "origins:action_on_entity_use",
    "bientity_action": {
        "type": "origins:and",
        "actions": [
            {
                "type": "origins:actor_action",
                "action": {
                    "type": "origins:feed",
                    "food": 3,
                    "saturation": 0.2
                }
            },
            {
                "type": "origins:target_action",
                "action": {
                    "type": "origins:damage",
                    "amount": 2,
                    "source": {
                        "name": "player",
                        "bypasses_armor": true,
                        "unblockable": true,
                        "magic": true
                    }
                }
            }
        ]
    },
    "bientity_condition": {
        "type": "origins:target_condition",
        "condition": {
            "type": "origins:and",
            "conditions": [
                {
                    "type": "origins:or",
                    "conditions": [
                        {
                            "type": "origins:health",
                            "comparison": ">=",
                            "compare_to": 3
                        },
                        {
                            "type": "origins:food_level",
                            "comparison": ">=",
                            "compare_to": 18
                        }
                    ]
                },
                {
                    "inverted": true,
                    "type": "origins:entity_group",
                    "group": "undead"
                }
            ]
        }
    },
    "action_result": "success"
}