{
  "name": "Sheltered Rest",
  "description": "You cannot sleep without a roof over your head.",
  "condition": {
    "type": "origins:or",
    "inverted": true,
    "conditions": [
      {
        "type": "origins:block_collision",
        "offset_x": 0,
        "offset_y": 3,
        "offset_z": 0
      },
	  {
        "type": "origins:block_collision",
        "offset_x": 0,
        "offset_y": 6,
        "offset_z": 0
      },
	  {
        "type": "origins:block_collision",
        "offset_x": 0,
        "offset_y": 9,
        "offset_z": 0
      },
    ]
  },
  "type": "origins:prevent_sleep",
  "message": "You do not feel safe in the open.",
  "set_spawn_point": false
}