{
	"name": "Spear",
	"description": "You can also still throw normal sticks at your foes, if you wanted to.",
	"type": "origins:multiple",
	"trident":{
		"type":"origins:fire_projectile",
		"entity_type": "minecraft:trident",
		"cooldown": 20,
		"hud_render": {
			"should_render": true,
			"bar_index": 2,
			"sprite_location": "origins:textures/gui/community/spiderkolo/resource_bar_02.png"
		},
		"key": {
			"key":"key.origins.primary_active",
			"continuous": false
		},
		"tag": "{pickup:0b}",
		"condition":{
            "type": "origins:and",
            "conditions": [
                {
                    "type":"origins:equipped_item",
                    "equipment_slot": "mainhand",
                    "item_condition": {
                        "type":"origins:ingredient",
                        "ingredient":{
                            "item":"minecraft:stick"
                        }
                    }
                },
                {
                    "type":"origins:equipped_item",
                    "equipment_slot": "mainhand",
                    "item_condition": {
                        "type":"origins:nbt",
                        "nbt": "{CustomModelData:7925002}",
                        "inverted": true
                    }
                }
            ]
		}
	},
	"take_stick":{
		"type":"origins:active_self",
		"entity_action":{
			"type": "origins:modify_inventory",
			"item_action": {
				"type": "origins:consume"
			},
			"slot": "weapon.mainhand",
			"item_condition": {
                "type": "origins:and",
                "conditions": [
                    {
                        "type": "origins:ingredient",
                        "ingredient": {
                            "item":"minecraft:stick"
                        }
                    },
                    {
                        "type": "origins:nbt",
                        "nbt": "{CustomModelData:7925002}",
                        "inverted": true
                    }
                ]
            }
		},
		"cooldown": 20
	}
}