{
	"name": "Needle",
	"description": "Throw a needle at your foes to feed!",
	"type": "origins:multiple",
	"trident":{
		"type":"origins:fire_projectile",
		"entity_type": "minecraft:trident",
		"cooldown": 20,
		"hud_render": {
			"should_render": true,
			"bar_index": 2,
			"sprite_location": "origins:textures/gui/community/spiderkolo/resource_bar_02.png"
		},
		"key": {
			"key":"key.origins.primary_active",
			"continuous": false
		},
		"tag": "{pickup:2b}",
		"condition":{
			"type":"origins:equipped_item",
			"equipment_slot": "mainhand",
			"item_condition": {
				"type":"origins:nbt",
				"nbt": "{CustomModelData:7925002}"
			}
		}
	},
	"take_needle":{
		"type":"origins:active_self",
		"entity_action":{
			"type": "origins:modify_inventory",
			"item_action": {
				"type": "origins:consume"
			},
			"slot": "weapon.mainhand",
			"item_condition": {
				"type":"origins:nbt",
				"nbt": "{CustomModelData:7925002}"
			}
		},
		"cooldown": 20
	},
	"feed": {
		"type": "origins:self_action_on_hit",
		"entity_action": {
			"type": "origins:feed",
			"food": 5,
			"saturation": 0.2
		},
		"damage_condition": {
    		"type": "origins:projectile",
    		"projectile": "minecraft:trident",
			"projectile_condition": {
				"type": "origins:nbt",
				"nbt": "{pickup:2b}"
			}
		},
		"cooldown": 5
	}
}