{
    "hidden": true,
    "type": "origins:active_self",
    "entity_action": {
        "type": "origins:raycast",
        "distance": 4,
        "block": true,
        "entity": false,
        "shape_type": "outline",
        "fluid_handling": "any",
        "block_action": {
            "type": "origins:if_else",
            "condition": {
                "type": "origins:or",
                "conditions": [
                    {
                        "type": "origins:in_tag",
                        "tag": "wooden_doors"
                    },
                    {
                        "type": "origins:in_tag",
                        "tag": "fence_gates"
                    },
                    {
                        "type": "origins:in_tag",
                        "tag": "wooden_trapdoors"
                    }
                ]
            },
            "if_action": {
                "type": "origins:execute_command",
                "command": "playsound entity.zombie.attack_wooden_door player @a ~ ~ ~ 1"
            },
            "else_action": {
                "type": "origins:nothing"
            }
        }
    },
    "cooldown": 30,
    "key": {
        "key": "key.attack",
        "continuous": true
    }
}