{
    "name": "The Monk",
    "description": "Weak of body but strong in spirit. In tune with the mysteries of the world and empathetic to its creatures, your journey will be a significantly more peaceful one.",
    "powers": [
      "slugcat:monk/scale",
		  "slugcat:monk/shelter_nofood",
      "slugcat:common/pounce",
		  "slugcat:common/spear/standard",
		  "slugcat:common/spear/weaker",
		  "slugcat:common/spear/pins",
		  "slugcat:monk/resist",
		  "origins:vegetarian"
      ],
    "icon": {
        "item": "yellow_dye",
        "amount": 1
    },
    "order": 0,
    "impact": 1
}