{
    "name": "Fire Bad",
    "description": "Fire deals double damage to you, and being in the Nether doubles it Again.",
    "type": "origins:multiple",
    "fire": {
        "type": "origins:modify_damage_taken",
        "damage_condition": {
            "type": "origins:fire"
        },
        "modifier": {
            "operation": "multiply_total",
            "value": 1
        }
    },
    "innether": {
        "type": "origins:modify_damage_taken",
        "bientity_condition": {
            "type": "origins:target_condition",
            "condition": {
                "type": "origins:dimension",
                "dimension": "minecraft:the_nether"
            }
        },
        "modifier": {
            "operation": "multiply_total",
            "value": 1
        }
    },
    "buge":{
        "type": "origins:entity_group",
        "group": "arthropod"
    }
}