{
    "name": "Bee Weaponry",
    "description": "Your instinct with weapons is to stab, not slash. Swords and axes deal less damage.",
    "type": "origins:modify_damage_dealt",
    "condition": {
        "type": "origins:equipped_item",
        "equipment_slot": "mainhand",
        "item_condition": {
            "type": "origins:or",
            "conditions": [
                {
                    "type": "origins:ingredient",
                    "ingredient": {
                        "tag": "minecraft:swords"
                    }
                },
                {
                    "type": "origins:ingredient",
                    "ingredient": {
                        "tag": "minecraft:axes"
                    }
                }
            ]
        }
    },
    "modifier": {
        "operation": "multiply_total",
        "value": -0.2
    }
}