{
    "name": "Weak Little Wings",
    "description": "Though you don't quite have true flight, you've got plenty of stamina to flap your wings in the air.",
    "type": "origins:multiple",
    "stamina":{
        "type": "origins:resource",
        "min": 0,
        "max": 100,
        "hud_render": {
            "should_render": true,
            "bar_index": 3,
            "sprite_location": "origins:textures/gui/community/spiderkolo/resource_bar_points_01.png"
        },
        "start_value": 100
    },
    "staminaregen":{
        "type": "origins:action_over_time",
        "entity_action": {
            "type": "origins:change_resource",
            "change": 1,
            "operation": "add",
            "resource": "*:*_stamina"
        },
        "interval": 10
    },
    "staminaregengrounded":{
        "type": "origins:action_over_time",
        "entity_action": {
            "type": "origins:change_resource",
            "change": 1,
            "operation": "add",
            "resource": "*:*_stamina"
        },
        "interval": 1,
        "condition": {
            "type": "origins:on_block"
        }
    },
    "staminaregenbeenergized":{
        "type": "origins:action_over_time",
        "entity_action": {
            "type": "origins:change_resource",
            "change": 2,
            "operation": "add",
            "resource": "*:*_stamina"
        },
        "interval": 10,
        "condition": {
            "type": "origins:status_effect",
            "effect": "the_bumblezone:beenergized"
        }
    },
    "jump":{
        "type": "origins:active_self",
        "condition": {
            "type": "origins:and",
            "conditions": [
                {
                    "type": "origins:on_block",
                    "inverted": true
                },
                {
                    "type": "origins:resource",
                    "compare_to": 13,
                    "comparison": ">",
                    "resource": "*:*_stamina"
                },
                {
                    "type": "origins:swimming",
                    "inverted": true
                }
            ]
        },
        "entity_action": {
            "type": "origins:and",
            "actions": [
                {
                "type": "origins:add_velocity",
                "space": "world",
                "y": 0.7
                },
                {
                    "type": "origins:change_resource",
                    "resource": "*:*_stamina",
                    "change": -14,
                    "operation": "add"
                },
                {
                    "type": "origins:spawn_particles",
                    "particle": "the_bumblezone:pollen_puff_particle",
                    "count": 16,
                    "speed": 0.0,
                    "force": true,
                    "spread": {
                        "x": 1.0,
                        "y": 0.2,
                        "z": 1.0
                    }
                },
                {
                    "type": "origins:play_sound",
                    "sound": "block.beehive.work"
                }
            ]
        },
        "key": {
            "key": "key.jump"
        }
    },
    "nofalldmg":{
        "type": "origins:invulnerability",
        "damage_condition": {
            "type": "origins:name",
            "name": "fall"
        }
    }
}