{
    "origins": [
        {
            "condition": {
                "type": "origins:origin",
                "origin": "slugcat:slugcat"
            },
            "origins": [
                "slugcat:variant/survivor",
                "slugcat:variant/monk",
                "slugcat:variant/hunter",
                "slugcat:variant/gourmand",
                "slugcat:variant/artificer"
            ]
        }
    ],
    "name": "Variant",
	"description": "Choose which flavor of sug you are!"
}