{
    "values": [
            "minecraft:wooden_sword",
            "minecraft:wooden_axe",
        	"minecraft:wooden_shovel",
        	"minecraft:wooden_hoe",
        	"minecraft:wooden_pickaxe",
                {
                    "id": "campanion:wooden_spear",
                    "required": false,
                },
                {,
                    "id": "medievalweapons:wooden_small_axe",
                    "required": false,
                },
                {
                    "id": "medievalweapons:wooden_long_sword",
                    "required": false,
                },
                {
                    "id": "medievalweapons:wooden_dagger",
                    "required": false,
                },
                {
                    "id": "medievalweapons:wooden_francisca",
                    "required": false,
                },
                {
                    "id": "medievalweapons:wooden_big_axe",
                    "required": false,
                },
                {
                    "id": "medievalweapons:wooden_javelin",
                    "required": false",
                },
                {
                    "id": "medievalweapons:wooden_healing_staff",
                    "required": false",
                },
                {
                    "id": "medievalweapons:wooden_ninjato",
                    "required": false",
                },
                {,
                    "id": "medievalweapons:wooden_mace",
                    "required": false,
                }
    ]
}