{
    "hidden": true,
    "type": "origins:action_over_time",
    "entity_action": {
        "type": "origins:and",
        "actions":[
            {
                "type": "origins:explode",
                "power": 4,
                "destruction_type": "destroy",
                "damage_self": true,
                "create_fire": true
            },
            {
                "type": "origins:play_sound",
                "sound": "minecraft:entity.generic.explode"
            }
        ]
    },
    "interval": 18,
    "condition": {
        "type": "origins:and",
        "conditions": [
            {
                "type": "origins:health",
                "comparison": "<=",
                "compare_to": 0
            },
            {
                "type": "origins:submerged_in",
                "fluid": "minecraft:water"
            }
        ]
    }
}