{
	"name": "Pacifist",
	"description": "You don't like killing things. Your power wanes when you do.",
	"badges": [
        {
            "type": "origins:tooltip",
            "sprite": "origins:textures/gui/badge/info.png",
            "text": "You are penalized more harshly for killing defenseless beasts, rather than defending yourself. However, you are not getting off scot-free just because it's self-defense... Murder of other players is penalized most harshly, and you'll immediately feel sick."
        }
    ],
	"type": "origins:multiple",
		"pacifist": {
			"type":"origins:resource",
			"min": 0,
			"max": 100,
			"hud_render": {
				"should_render": true,
				"sprite_location": "origins:textures/gui/community/huang/resource_bar_01.png",
				"bar_index": 6
				}
		},
		"respawn": {
			"type": "origins:action_on_callback",
			"entity_action_chosen": {
				"type":"origins:change_resource",
				"resource": "elf:pacifism_pacifist",
				"operation": "set",
				"change": 76
			},
			"entity_action_respawned": {
				"type":"origins:change_resource",
				"resource": "elf:pacifism_pacifist",
				"operation": "set",
				"change": 70
			}
		},
		"fill_over_time_strong": {
			"type":"origins:action_over_time",
			"entity_action": {
				"type":"origins:change_resource",
				"resource":"elf:pacifism_pacifist",
				"change": 1
				},
			"interval": 20,
			"condition": {
				"type":"origins:resource",
				"resource": "elf:pacifism_pacifist",
				"comparison": ">",
				"compare_to": 20
			}
		},
		"fill_over_time_weak": {
			"type":"origins:action_over_time",
			"entity_action": {
				"type":"origins:change_resource",
				"resource":"elf:pacifism_pacifist",
				"change": 1
			},
			"interval": 40,
			"condition": {
				"type":"origins:resource",
				"resource": "elf:pacifism_pacifist",
				"comparison": "<=",
				"compare_to": 20
			}
		},
		"change_hostile": {
			"type":"origins:self_action_on_kill",
			"cooldown": 1,
			"target_condition": {
					"type": "origins:in_tag",
					"tag": "entities:hostile"
			},
				"entity_action": {
				"type":"origins:change_resource",
				"resource": "elf:pacifism_pacifist",
				"change": -10
			}	
	},
		"change_hostile_smart": {
			"type":"origins:self_action_on_kill",
			"cooldown": 1,
			"target_condition": {
					"type": "origins:in_tag",
					"tag": "entities:hostile_smart"
			},
				"entity_action": {
				"type":"origins:change_resource",
				"resource": "elf:pacifism_pacifist",
				"change": -15
			}	
	},
		"change_passive": {
			"type":"origins:self_action_on_kill",
			"cooldown": 1,
			"target_condition": {
				"type": "origins:in_tag",
				"tag": "entities:passive"
			},
			"entity_action": {
				"type":"origins:change_resource",
				"resource": "elf:pacifism_pacifist",
				"change": -30
			}
		},
		"change_passive_smart": {
			"type":"origins:self_action_on_kill",
			"cooldown": 1,
			"target_condition": {
				"type": "origins:in_tag",
				"tag": "entities:passive_smart"
				},
			"entity_action": {
				"type":"origins:change_resource",
				"resource": "elf:pacifism_pacifist",
				"change": -40
			}
		},
		"change_tamed": { 	
			"type":"origins:self_action_on_kill",
			"cooldown": 1,
			"target_condition": "origins:tamed",
			"entity_action": {
				"type":"origins:change_resource",
				"resource": "elf:pacifism_pacifist",
				"change": -40
				}
		},
		"change_boss": {
			"type":"origins:self_action_on_kill",
			"cooldown": 1,
				"target_condition": {
					"type": "origins:in_tag",
					"tag": "entities:boss"
				},
				"entity_action": {
				"type":"origins:change_resource",
				"resource": "elf:pacifism_pacifist",
				"change": -70
			}
		},
		"change_neutral": {
			"type":"origins:self_action_on_kill",
			"cooldown": 1,
				"target_condition": {
					"type": "origins:in_tag",
					"tag": "entities:neutral"
				},
				"entity_action": {
				"type":"origins:change_resource",
				"resource": "elf:pacifism_pacifist",
				"change": -25
			}
		},
		"change_neutral_smart": {
			"type":"origins:self_action_on_kill",
			"cooldown": 1,
				"target_condition": {
					"type": "origins:in_tag",
					"tag": "entities:neutral_smart"
				},
				"entity_action": {
				"type":"origins:change_resource",
				"resource": "elf:pacifism_pacifist",
				"change": -35
			}
		},
		"change_player": {
			"type":"origins:self_action_on_kill",
			"cooldown": 1,
				"target_condition": {
					"type": "origins:entity_type",
					"entity_type": "minecraft:player"
				},
			"entity_action": {
				"type":"origins:change_resource",
				"resource": "elf:pacifism_pacifist",
				"change": -100
			}
		},
		"change_else": {
			"type":"origins:self_action_on_kill",
			"cooldown": 1,
				"target_condition": {
					"inverted":true,
					"type":"origins:and",
					"conditions": [
					{
						"type": "origins:in_tag",
						"tag": "entities:passive"
					},
					{
						"type": "origins:in_tag",
						"tag": "entities:passive_smart"
					},
					{
						"type": "origins:in_tag",
						"tag": "entities:neutral"
					},
					{
						"type": "origins:in_tag",
						"tag": "entities:neutral_smart"
					},
					{
						"type": "origins:in_tag",
						"tag": "entities:hostile"
					},
					{
						"type": "origins:in_tag",
						"tag": "entities:hostile_smart"
					},
					{
						"type": "origins:in_tag",
						"tag": "entities:boss"
					}
				]
				},
			"entity_action":{
				"type":"origins:change_resource",
				"resource": "elf:pacifism_pacifist",
				"change": -25
			}
		},
		"nerfs_100": {
			"type":"origins:stacking_status_effect",
			"min_stacks": 0,
			"max_stacks": 1,
			"duration_per_stack": 20,
			"tick_rate": 10,
			"effect":
				{
				"effect": "minecraft:regeneration",
				"duration": 20,
				"is_ambient": true,
				"show_particles": true,
				"show_icon": false
				},
			"condition": {
				"type":"origins:resource",
				"resource": "elf:pacifism_pacifist",
				"comparison": ">=",
				"compare_to": 95
			}
		},
		"nerfs_75": {
			"type":"origins:stacking_status_effect",
			"min_stacks": 0,
			"max_stacks": 1,
			"duration_per_stack": 20,
			"tick_rate": 10,
			"effect":
				{
				"effect": "minecraft:slowness",
				"duration": 20,
				"is_ambient": true,
				"show_particles": true,
				"show_icon": false
				},
			"condition": {
				"type":"origins:resource",
				"resource": "elf:pacifism_pacifist",
				"comparison": "<=",
				"compare_to": 75
			}
		},
		"nerfs_50": {
			"type":"origins:stacking_status_effect",
			"min_stacks": 0,
			"max_stacks": 1,
			"duration_per_stack": 20,
			"tick_rate": 10,
			"effects": [
				{
				"effect": "minecraft:slowness",
				"amplifier": 1,
				"duration": 20,
				"is_ambient": true,
				"show_particles": true,
				"show_icon": false
				},
				{
				"effect": "minecraft:weakness",
				"amplifier": 0,
				"duration": 20,
				"is_ambient": true,
				"show_particles": true,
				"show_icon": false
				}	
				],
			"condition": {
				"type":"origins:resource",
				"resource": "elf:pacifism_pacifist",
				"comparison": "<=",
				"compare_to": 50
			}
		},
		"nerfs_35": {
			"type":"origins:stacking_status_effect",
			"min_stacks": 0,
			"max_stacks": 1,
			"duration_per_stack": 20,
			"tick_rate": 10,
			"effect":
				{
				"effect": "minecraft:mining_fatigue",
				"amplifier": 0,
				"duration": 20,
				"is_ambient": true,
				"show_particles": false,
				"show_icon": false
				},
			"condition": {
				"type":"origins:resource",
				"resource": "elf:pacifism_pacifist",
				"comparison": "<=",
				"compare_to": 35
			}
		},
		"nerfs_20": {
			"type":"origins:stacking_status_effect",
			"min_stacks": 0,
			"max_stacks": 1,
			"duration_per_stack": 20,
			"tick_rate": 10,
			"effect":
				{
				"effect": "minecraft:slowness",
				"amplifier": 2,
				"duration": 20,
				"is_ambient": true,
				"show_particles": false,
				"show_icon": false
				},
			"condition": {
				"type":"origins:resource",
				"resource": "elf:pacifism_pacifist",
				"comparison": "<=",
				"compare_to": 20
			}
		},
		"nerfs_10": {
			"type":"origins:stacking_status_effect",
			"min_stacks": 0,
			"max_stacks": 3,
			"duration_per_stack": 100,
			"tick_rate": 10,
			"effects": [
				{
				"effect": "minecraft:blindness",
				"amplifier": 0,
				"duration": 100,
				"is_ambient": true,
				"show_particles": true,
				"show_icon": false
				},
				{
				"effect": "minecraft:slowness",
				"amplifier": 3,
				"duration": 100,
				"is_ambient": true,
				"show_particles": true,
				"show_icon": false
				},
				{
				"effect": "minecraft:unluck",
				"amplifier": 3,
				"duration": 100,
				"is_ambient": true,
				"show_particles": false,
				"show_icon": true
				}
			],
			"condition": {
				"type":"origins:resource",
				"resource": "elf:pacifism_pacifist",
				"comparison": "<=",
				"compare_to": 10
			}
		},
		"nerfs_death": {
			"type":"origins:stacking_status_effect",
			"min_stacks": 0,
			"max_stacks": 1,
			"duration_per_stack": 100,
			"tick_rate": 40,
			"effects": [
				{
				"effect": "minecraft:wither",
				"amplifier": 0,
				"duration": 150,
				"is_ambient": true,
				"show_particles": true,
				"show_icon": false
				}
			],
			"condition": {
				"type":"origins:resource",
				"resource": "elf:pacifism_pacifist",
				"comparison": "<=",
				"compare_to": 5
			}
		}
	}