{
    "display": {
        "icon": {
            "item": "minecraft:ender_eye"
        },
        "title": {
            "text": "A Bell, Eighteen Amber Beads"
        },
        "description": {
            "text": "Find the Echo atop the tundra."
        },
        "background": "minecraft:textures/block/obsidian.png",
        "frame": "task",
        "show_toast": false,
        "announce_to_chat": true,
        "hidden": false
    },
    "parent": "slugcat:echoes/root",
    "criteria": {
		"meet_and_end_cycle": {
			"trigger": "minecraft:slept_in_bed",
            "conditions": {
				"player": [
					{
						"condition": "minecraft:entity_properties",
						"entity": "this",
						"predicate": {
							"type_specific": {
								"type": "player",
								"advancements": {
									"slugcat:echoes/meetbeads": true
								}
							}
						}
					}
				]
			}
		}
	},
    "requirements": [
        ["meet_and_end_cycle"]
    ],
    "rewards": {
        "function": "slugcat:echo/amberbeads/1"
    }
}