{
    "parent": "slugcat:echoes/root",
    "criteria": {
		"deepdark": {
			"trigger": "minecraft:location",
			"conditions": {
				"player": [
					{
						"condition": "minecraft:entity_properties",
						"entity": "this",
						"predicate": {
							"location": {
								"biome": "minecraft:deep_dark"
							}
						}
					}
				]
			}
		}
	},
    "requirements": [
        [
            "deepdark"
        ]
    ],
    "rewards": {
        "function": "slugcat:echo/meetecho"
    }
}