{
    "name": "Consistent Weather",
    "description": "Rain will come more often for you.",
    "type": "origins:action_over_time",
    "entity_action": {
        "type": "origins:choice",
        "actions": [
            {
                "element": {
                    "type": "origins:execute_command",
                    "command": "weather rain 2820"
                },
                "weight": 1
            },
            {
                "element": {
                    "type": "origins:execute_command",
                    "command": "weather rain 600"
                },
                "weight": 1
            },
            {
                "element": {
                    "type": "origins:execute_command",
                    "command": "weather rain 1820"
                },
                "weight": 1
            },
            {
                "element": {
                    "type": "origins:execute_command",
                    "command": "weather rain 2020"
                },
                "weight": 1
            },
            {
                "element": {
                    "type": "origins:execute_command",
                    "command": "weather thunder 1240"
                },
                "weight": 1
            }
        ]
    },
    "interval": 10245
}