{
  "type": "origins:multiple",
  "name": "Quick",
  "description": "You're faster than usual. (Your physics are also slightly changed.)",
  "quick": {
    "type": "origins:attribute",
    "modifier": {
      "attribute": "minecraft:generic.movement_speed",
      "value": 1.1,
      "operation": "multiply_total",
      "condition": {
        "type": "origins:power_active",
        "power": "slugcat:raincheck"
      }
    }
  },
  "falling": {
    "type": "origins:modify_falling",
    "velocity": 0.15
  },
  "quick_air": {
    "type": "origins:modify_air_speed",
    "modifier": {
      "operation": "multiply_total",
      "value": 1.1,
      "condition": {
        "type": "origins:power_active",
        "power": "slugcat:raincheck"
      }
    }
  },
  "slow_water": {
    "type": "origins:modify_swim_speed",
    "modifier": {
      "operation": "multiply_total",
      "value": -0.25
    }
  }
}