{
	"loading_priority": 3,
    "unchoosable": false,
	"powers": [
		"origins:phantomize",
        "origins:translucent",
        "cyom:phasing",
        "origins:invisibility",
        "origins:burn_in_daylight",
        "origins:hunger_over_time",
        "origins:fragile",
        "origins:phantomize_overlay",
        "cyom:phantomscreech",
        "cyom:soulparticle",
        "cyom:phantomupmint",
        "cyom:eating_dragonsbreath"
    ],
	"icon": {
		"item": "minecraft:phantom_membrane"
	},
	"order": 4,
	"impact": 3
}