{
    "name": "The Attuned",
    "description": "Still frail and long-tongued, but your patience and determination has brought attunement. While you are not invincible, your abilities have drastically grown in power.",
    "powers": [
        "slugcat:saint/evo",
        "slugcat:saint/fragile",
        "grapple_namespace:grapple",
        "slugcat:saint/stayfrosty",
        "slugcat:saint/lessdmg",
        "slugcat:saint/nospear",
        "slugcat:saint/smite",
        "origins:vegetarian",
        "slugcat:common/scale",
		"slugcat:common/pounce",
		"slugcat:common/spear/pins",
        "slugcat:common/shelter_food"
    ],
    "icon": {
        "item": "minecraft:lime_dye",
        "amount": 1
    },
    "order": 0,
    "impact": 3,
    "unchoosable": true
}