{
    "name": "The Saint",
    "description": "Frail and armed with a long tongue. Your journey will be one of perfect enlightenment, but walking this path requires patience, caution, and complete attunement with the world.",
    "powers": [
        "slugcat:saint/evolve",
        "slugcat:saint/physicssaint",
        "slugcat:saint/fragile",
        "grapple_namespace:grapple",
        "slugcat:saint/stayfrosty",
        "slugcat:saint/lessdmg",
        "slugcat:saint/nospear",
        "origins:vegetarian",
        "slugcat:common/scale",
		"slugcat:common/pounce",
		"slugcat:common/spear/pins",
        "slugcat:common/shelter_food"
    ],
    "icon": {
        "item": "minecraft:lime_dye",
        "amount": 1
    },
    "order": 0,
    "impact": 3
}