{
    "name": "Gourmand",
    "description": "Crafty, but not always the fastest...",
    "powers": [
        "slugcat:gourmand_scale",
        "slugcat:gourmand_shelter_food",
        "slugcat:gourmand_foodstr",
        "slugcat:gourmand_tired",
		"slugcat:spear_gourmand",
        "slugcat:spear_strongest",
		"slugcat:spear_pins",
        "slugcat:gourmand_craft",
        "slugcat:gourmand_slam",
        "slugcat:gourmand_spitup"
    ],
    "icon": {
        "item": "orange_dye",
        "amount": 1
    },
    "order": 99,
    "impact": 2
}