{
    "name": "Concussive Effect",
    "description": "Using a charged explosion, use your secondary ability key to EXPLODE! (This one DOES damage things around you)",
    "type": "origins:multiple",
    "explode": {
        "type": "origins:active_self",
        "entity_action": {
            "type": "origins:and",
            "actions": [
                {
                    "type": "origins:explode",
                    "power": 4,
                    "destruction_type": "none",
                    "create_fire": false
                },
                {
                    "type": "origins:explode",
                    "power": 2,
                    "destruction_type": "none",
                    "create_fire": false
                },
                {
                    "type": "origins:change_resource",
                    "resource": "slugcat:artificer/explosioncharge_storecharge",
                    "change": -60
                },
                {
                    "type": "origins:execute_command",
                    "command": "particle minecraft:explosion ~ ~ ~ 0.5 0.5 0.5 0.0 4 normal @a"
                },
                {
                    "type": "origins:execute_command",
                    "command": "playsound minecraft:entity.generic.explode player @a ~ ~ ~ 1 0.9"
                }

            ]
        },
        "key": {
            "key": "key.origins.secondary_active"
        },
        "condition": {
            "type": "origins:resource",
            "resource": "slugcat:artificer/explosioncharge_storecharge",
            "comparison": ">",
            "compare_to": 55
        }
    }
}