{
    "name": "Maul",
    "description": "You deal more damage with unarmed strikes!",
    "type": "origins:modify_damage_dealt",
    "bientity_condition": {
        "type": "origins:actor_condition",
        "condition": {
            "type": "origins:equipped_item",
            "equipment_slot": "mainhand",
            "item_condition": {
                "type": "origins:empty"
                }
            }
        },
    "modifier": {
        "operation": "addition",
        "value": 1.5
    }
}